[
  {
    "id": "122dc705-e8f8-4eec-b27c-dc7a6bbf510f",
    "data": [
      {
        "text": "cómo ",
        "userDefined": false
      },
      {
        "text": "valido mis horas de trabajo",
        "meta": "@horasTrabajoSocial",
        "alias": "horasTrabajoSocial",
        "userDefined": true
      },
      {
        "text": "?",
        "userDefined": false
      }
    ],
    "isTemplate": false,
    "count": 0,
    "lang": "es",
    "updated": 0
  },
  {
    "id": "a2e0cf56-b1e4-48ec-9a5e-9205bd257970",
    "data": [
      {
        "text": "quién valida mis horas",
        "meta": "@horasTrabajoSocial",
        "alias": "horasTrabajoSocial",
        "userDefined": true
      },
      {
        "text": " de trabajo social?",
        "userDefined": false
      }
    ],
    "isTemplate": false,
    "count": 0,
    "lang": "es",
    "updated": 0
  },
  {
    "id": "68880d57-0e79-4017-93c3-d3259053c0da",
    "data": [
      {
        "text": "dónde puedo hacer mis horas de trabajo",
        "meta": "@horasTrabajoSocial",
        "alias": "horasTrabajoSocial",
        "userDefined": true
      },
      {
        "text": " social?",
        "userDefined": false
      }
    ],
    "isTemplate": false,
    "count": 0,
    "lang": "es",
    "updated": 0
  },
  {
    "id": "c328dcb3-8b7e-480e-bb6d-9c81b1691233",
    "data": [
      {
        "text": "cuántas horas de trabajo social",
        "meta": "@horasTrabajoSocial",
        "alias": "horasTrabajoSocial",
        "userDefined": true
      },
      {
        "text": " son necesarias?",
        "userDefined": false
      }
    ],
    "isTemplate": false,
    "count": 0,
    "lang": "es",
    "updated": 0
  },
  {
    "id": "4f9a9af1-2a41-4b27-a30a-6b576a939468",
    "data": [
      {
        "text": "cómo se dividen las ",
        "userDefined": false
      },
      {
        "text": "horas de trabajo social",
        "meta": "@horasTrabajoSocial",
        "alias": "horasTrabajoSocial",
        "userDefined": true
      },
      {
        "text": "?",
        "userDefined": false
      }
    ],
    "isTemplate": false,
    "count": 0,
    "lang": "es",
    "updated": 0
  },
  {
    "id": "ec798445-a039-4519-a239-173f18aeb2a8",
    "data": [
      {
        "text": "hay actividades planificadas para realizar ",
        "userDefined": false
      },
      {
        "text": "horas de trabajo social",
        "meta": "@horasTrabajoSocial",
        "alias": "horasTrabajoSocial",
        "userDefined": true
      },
      {
        "text": " en los ",
        "userDefined": false
      },
      {
        "text": "siguientes meses",
        "meta": "@sys.ignore",
        "userDefined": false
      },
      {
        "text": "?",
        "userDefined": false
      }
    ],
    "isTemplate": false,
    "count": 0,
    "lang": "es",
    "updated": 0
  }
]