[
  {
    "id": "8fb1fd61-16a8-419a-91b4-a8337f07e152",
    "data": [
      {
        "text": "Buen día",
        "userDefined": false
      }
    ],
    "isTemplate": false,
    "count": 0,
    "lang": "es",
    "updated": 0
  },
  {
    "id": "6b5c200a-0899-4b69-b436-460bfb07b621",
    "data": [
      {
        "text": "Buenos días",
        "userDefined": false
      }
    ],
    "isTemplate": false,
    "count": 0,
    "lang": "es",
    "updated": 0
  },
  {
    "id": "9064d463-37e0-48a8-9797-0538714e0bd0",
    "data": [
      {
        "text": "hola",
        "userDefined": false
      }
    ],
    "isTemplate": false,
    "count": 0,
    "lang": "es",
    "updated": 0
  },
  {
    "id": "e37b7980-e999-4527-9c1b-29b34600bae2",
    "data": [
      {
        "text": "Buenas noches",
        "userDefined": false
      }
    ],
    "isTemplate": false,
    "count": 0,
    "lang": "es",
    "updated": 0
  },
  {
    "id": "fa276344-4b32-40fa-8f7e-93dcb89a504e",
    "data": [
      {
        "text": "hi",
        "userDefined": false
      }
    ],
    "isTemplate": false,
    "count": 0,
    "lang": "es",
    "updated": 0
  },
  {
    "id": "660818cc-26ca-4ec6-8794-d831ff55f490",
    "data": [
      {
        "text": "Buenas tardes",
        "userDefined": false
      }
    ],
    "isTemplate": false,
    "count": 0,
    "lang": "es",
    "updated": 0
  }
]