[
  {
    "id": "9e16cab9-f4b8-4caf-a58d-06a227efda67",
    "data": [
      {
        "text": "cuándo ",
        "userDefined": false
      },
      {
        "text": "es",
        "meta": "@sys.location",
        "alias": "location",
        "userDefined": false
      },
      {
        "text": " el inicio de clases?",
        "userDefined": false
      }
    ],
    "isTemplate": false,
    "count": 0,
    "lang": "es",
    "updated": 0
  },
  {
    "id": "6f44e825-6531-4b8c-84bd-da1fd568ef08",
    "data": [
      {
        "text": "cuándo ",
        "userDefined": false
      },
      {
        "text": "es",
        "meta": "@sys.location",
        "alias": "location",
        "userDefined": false
      },
      {
        "text": " el ",
        "userDefined": false
      },
      {
        "text": "último día",
        "meta": "@sys.date-time",
        "alias": "date-time",
        "userDefined": false
      },
      {
        "text": " para pagar ",
        "userDefined": false
      },
      {
        "text": "el laboratorio",
        "meta": "@sys.location",
        "alias": "location",
        "userDefined": false
      },
      {
        "text": "?",
        "userDefined": false
      }
    ],
    "isTemplate": false,
    "count": 0,
    "lang": "es",
    "updated": 0
  },
  {
    "id": "ef2b43bc-0cc1-48ff-a0dc-2b23994ba1eb",
    "data": [
      {
        "text": "cuándo es la fecha límite para pagar los laboratorios?",
        "userDefined": false
      }
    ],
    "isTemplate": false,
    "count": 0,
    "lang": "es",
    "updated": 0
  },
  {
    "id": "0d17a8af-b061-48b5-80f4-62acfd0f798d",
    "data": [
      {
        "text": "cuándo ",
        "userDefined": false
      },
      {
        "text": "es",
        "meta": "@sys.location",
        "alias": "location",
        "userDefined": false
      },
      {
        "text": " la fecha límite para pagar la matrícula?",
        "userDefined": false
      }
    ],
    "isTemplate": false,
    "count": 0,
    "lang": "es",
    "updated": 0
  },
  {
    "id": "56cb7ca3-d0cc-4df1-ac9d-4e3ff0652397",
    "data": [
      {
        "text": "Cuál ",
        "userDefined": false
      },
      {
        "text": "es",
        "meta": "@sys.location",
        "alias": "location",
        "userDefined": false
      },
      {
        "text": " el calendario académico del próximo periodo?",
        "userDefined": false
      }
    ],
    "isTemplate": false,
    "count": 1,
    "lang": "es",
    "updated": 0
  },
  {
    "id": "fb41b303-3fd4-4c7f-b993-60f13a1e7e51",
    "data": [
      {
        "text": "puedes indicarme dónde consigo el calendario académico de este periodo?",
        "userDefined": false
      }
    ],
    "isTemplate": false,
    "count": 0,
    "lang": "es",
    "updated": 0
  }
]