[
  {
    "id": "2c98587d-d655-43d7-b3e3-9ab340652416",
    "data": [
      {
        "text": "cuál ",
        "userDefined": false
      },
      {
        "text": "es",
        "meta": "@sys.language",
        "alias": "language",
        "userDefined": false
      },
      {
        "text": " la ",
        "userDefined": false
      },
      {
        "text": "página de la carrera de ingeniería en sistemas",
        "meta": "@contactoAutoridades",
        "alias": "contactoAutoridades",
        "userDefined": true
      },
      {
        "text": "?",
        "userDefined": false
      }
    ],
    "isTemplate": false,
    "count": 0,
    "lang": "es",
    "updated": 0
  },
  {
    "id": "06fccbb1-1665-4569-9d2d-03d5845b7b03",
    "data": [
      {
        "text": "cuál ",
        "userDefined": false
      },
      {
        "text": "es",
        "meta": "@sys.location",
        "alias": "location",
        "userDefined": false
      },
      {
        "text": " el ",
        "userDefined": false
      },
      {
        "text": "correo electrónico de secretaría de ingeniería en sistemas",
        "meta": "@contactoAutoridades",
        "alias": "contactoAutoridades",
        "userDefined": true
      },
      {
        "text": "?",
        "userDefined": false
      }
    ],
    "isTemplate": false,
    "count": 0,
    "lang": "es",
    "updated": 0
  },
  {
    "id": "260689fd-959a-4f94-9d7c-a6256fb27098",
    "data": [
      {
        "text": "Cuál ",
        "userDefined": false
      },
      {
        "text": "es",
        "meta": "@sys.location",
        "alias": "location",
        "userDefined": false
      },
      {
        "text": " el ",
        "userDefined": false
      },
      {
        "text": "correo del decano de ingeniería",
        "meta": "@contactoAutoridades",
        "alias": "contactoAutoridades",
        "userDefined": true
      },
      {
        "text": "?",
        "userDefined": false
      }
    ],
    "isTemplate": false,
    "count": 0,
    "lang": "es",
    "updated": 0
  },
  {
    "id": "55fe2542-f4fb-47d1-a5cb-800b1157bc74",
    "data": [
      {
        "text": "Cuál ",
        "userDefined": false
      },
      {
        "text": "es",
        "meta": "@sys.language",
        "alias": "language",
        "userDefined": false
      },
      {
        "text": " el ",
        "userDefined": false
      },
      {
        "text": "correo electrónico del jefe de departamento de ingeniería en sistemas",
        "meta": "@contactoAutoridades",
        "alias": "contactoAutoridades",
        "userDefined": true
      },
      {
        "text": "?",
        "userDefined": false
      }
    ],
    "isTemplate": false,
    "count": 0,
    "lang": "es",
    "updated": 0
  },
  {
    "id": "48434a53-31af-4f61-9ca1-c173fac9efb4",
    "data": [
      {
        "text": "Cuál ",
        "userDefined": false
      },
      {
        "text": "es",
        "meta": "@sys.location",
        "alias": "location",
        "userDefined": false
      },
      {
        "text": " el ",
        "userDefined": false
      },
      {
        "text": "correo electrónico del coordinador de ingeniería en sistemas",
        "meta": "@contactoAutoridades",
        "alias": "contactoAutoridades",
        "userDefined": true
      },
      {
        "text": "?",
        "userDefined": false
      }
    ],
    "isTemplate": false,
    "count": 0,
    "lang": "es",
    "updated": 0
  }
]