[
  {
    "id": "33d5310d-6eb5-4dd7-956a-de7241876cf2",
    "data": [
      {
        "text": "dónde queda la ",
        "userDefined": false
      },
      {
        "text": "secretaría de ingeniería en sistemas",
        "meta": "@departamentoSistemas",
        "alias": "departamentoSistemas",
        "userDefined": true
      },
      {
        "text": "?",
        "userDefined": false
      }
    ],
    "isTemplate": false,
    "count": 0,
    "lang": "es",
    "updated": 0
  },
  {
    "id": "0d9c3195-9565-42f2-8be4-3ce932e08887",
    "data": [
      {
        "text": "dónde queda la ",
        "userDefined": false
      },
      {
        "text": "oficina de la carrera de ingeniería en sistemas",
        "meta": "@departamentoSistemas",
        "alias": "departamentoSistemas",
        "userDefined": true
      },
      {
        "text": "?",
        "userDefined": false
      }
    ],
    "isTemplate": false,
    "count": 0,
    "lang": "es",
    "updated": 0
  },
  {
    "id": "11f5b638-6f5a-4ab7-8c00-d7f12e1ffa74",
    "data": [
      {
        "text": "dónde queda la ",
        "userDefined": false
      },
      {
        "text": "oficina del departamento de ingeniería en sistemas",
        "meta": "@departamentoSistemas",
        "alias": "departamentoSistemas",
        "userDefined": true
      },
      {
        "text": "?",
        "userDefined": false
      }
    ],
    "isTemplate": false,
    "count": 0,
    "lang": "es",
    "updated": 0
  },
  {
    "id": "cf284e2a-dc3d-44ec-a036-fda98852cbe3",
    "data": [
      {
        "text": "cuál ",
        "userDefined": false
      },
      {
        "text": "es",
        "meta": "@sys.location",
        "alias": "location",
        "userDefined": false
      },
      {
        "text": " el ",
        "userDefined": false
      },
      {
        "text": "horario laboral del coordinador",
        "meta": "@departamentoSistemas",
        "alias": "departamentoSistemas",
        "userDefined": true
      },
      {
        "text": " de ",
        "userDefined": false
      },
      {
        "text": "ingeniería",
        "meta": "@sys.location",
        "alias": "location",
        "userDefined": false
      },
      {
        "text": " en sistemas?",
        "userDefined": false
      }
    ],
    "isTemplate": false,
    "count": 0,
    "lang": "es",
    "updated": 0
  },
  {
    "id": "12808261-0834-40a4-86f4-bdc62491df50",
    "data": [
      {
        "text": "cuál ",
        "userDefined": false
      },
      {
        "text": "es",
        "meta": "@sys.language",
        "alias": "language",
        "userDefined": false
      },
      {
        "text": " el ",
        "userDefined": false
      },
      {
        "text": "horario laboral del jefe de departamento",
        "meta": "@departamentoSistemas",
        "alias": "departamentoSistemas",
        "userDefined": true
      },
      {
        "text": " de ",
        "userDefined": false
      },
      {
        "text": "ingeniería",
        "meta": "@sys.location",
        "alias": "location",
        "userDefined": false
      },
      {
        "text": " en sistemas?",
        "userDefined": false
      }
    ],
    "isTemplate": false,
    "count": 0,
    "lang": "es",
    "updated": 0
  }
]