[
  {
    "id": "82ad08a5-3eab-4316-b7e5-4f0f06df5fb7",
    "data": [
      {
        "text": "dónde puedo conseguir el ",
        "userDefined": false
      },
      {
        "text": "flujograma",
        "meta": "@solicitudPlanFlujogramaClases",
        "alias": "solicitudPlanFlujogramaClases",
        "userDefined": true
      },
      {
        "text": " de ",
        "userDefined": false
      },
      {
        "text": "ingeniería",
        "meta": "@sys.location",
        "alias": "location",
        "userDefined": false
      },
      {
        "text": " en sistemas?",
        "userDefined": false
      }
    ],
    "isTemplate": false,
    "count": 0,
    "lang": "es",
    "updated": 0
  },
  {
    "id": "e7c30880-f70c-4ce0-a040-1d017a25edc5",
    "data": [
      {
        "text": "dónde puedo conseguir el ",
        "userDefined": false
      },
      {
        "text": "plan de clases",
        "meta": "@solicitudPlanFlujogramaClases",
        "alias": "solicitudPlanFlujogramaClases",
        "userDefined": true
      },
      {
        "text": " de ",
        "userDefined": false
      },
      {
        "text": "ingeniería",
        "meta": "@sys.location",
        "alias": "location",
        "userDefined": false
      },
      {
        "text": " en sistemas?",
        "userDefined": false
      }
    ],
    "isTemplate": false,
    "count": 0,
    "lang": "es",
    "updated": 0
  }
]