[
  {
    "id": "c0f10723-5447-4f86-8d0e-f4ffac236d89",
    "data": [
      {
        "text": "dónde debo ir a realizar ",
        "userDefined": false
      },
      {
        "text": "una",
        "meta": "@sys.number",
        "alias": "number",
        "userDefined": false
      },
      {
        "text": " ",
        "userDefined": false
      },
      {
        "text": "denuncia",
        "meta": "@denuncias",
        "alias": "denuncias",
        "userDefined": true
      },
      {
        "text": "?",
        "userDefined": false
      }
    ],
    "isTemplate": false,
    "count": 0,
    "lang": "es",
    "updated": 0
  },
  {
    "id": "0f9e0385-f4d8-4319-969c-472b448dce11",
    "data": [
      {
        "text": "qué debo hacer para ",
        "userDefined": false
      },
      {
        "text": "reportar",
        "meta": "@denuncias",
        "alias": "denuncias",
        "userDefined": true
      },
      {
        "text": " a ",
        "userDefined": false
      },
      {
        "text": "un",
        "meta": "@sys.number",
        "alias": "number",
        "userDefined": false
      },
      {
        "text": " coordinador de ",
        "userDefined": false
      },
      {
        "text": "carrera",
        "meta": "@sys.last-name",
        "alias": "last-name",
        "userDefined": false
      },
      {
        "text": "?",
        "userDefined": false
      }
    ],
    "isTemplate": false,
    "count": 0,
    "lang": "es",
    "updated": 0
  },
  {
    "id": "40b34c8d-0c6a-47d5-ba33-5e514f6f0312",
    "data": [
      {
        "text": "qué debo hacer para ",
        "userDefined": false
      },
      {
        "text": "reportar",
        "meta": "@denuncias",
        "alias": "denuncias",
        "userDefined": true
      },
      {
        "text": " a ",
        "userDefined": false
      },
      {
        "text": "un",
        "meta": "@sys.number",
        "alias": "number",
        "userDefined": false
      },
      {
        "text": " jefe de departamento?",
        "userDefined": false
      }
    ],
    "isTemplate": false,
    "count": 0,
    "lang": "es",
    "updated": 0
  },
  {
    "id": "84208c64-b72d-4dee-89fc-917df562c13c",
    "data": [
      {
        "text": "qué debo hacer para ",
        "userDefined": false
      },
      {
        "text": "reportar",
        "meta": "@denuncias",
        "alias": "denuncias",
        "userDefined": true
      },
      {
        "text": " a ",
        "userDefined": false
      },
      {
        "text": "un",
        "meta": "@sys.number",
        "alias": "number",
        "userDefined": false
      },
      {
        "text": " docente?",
        "userDefined": false
      }
    ],
    "isTemplate": false,
    "count": 0,
    "lang": "es",
    "updated": 0
  }
]