[
  {
    "id": "47628165-8563-436b-8efe-6ef4ee1ef680",
    "data": [
      {
        "text": "cuáles son los recibos que debo pagar para ",
        "userDefined": false
      },
      {
        "text": "mi",
        "meta": "@sys.unit-length-name",
        "alias": "unit-length-name",
        "userDefined": false
      },
      {
        "text": " ",
        "userDefined": false
      },
      {
        "text": "graduación",
        "meta": "@graduacion",
        "alias": "graduacion",
        "userDefined": true
      },
      {
        "text": "?",
        "userDefined": false
      }
    ],
    "isTemplate": false,
    "count": 0,
    "lang": "es",
    "updated": 0
  },
  {
    "id": "1c37cc2f-2abb-4960-a8bd-4040a41b0b0d",
    "data": [
      {
        "text": "qué documentos tengo que presentar para completar el ",
        "userDefined": false
      },
      {
        "text": "proceso de graduación",
        "meta": "@graduacion",
        "alias": "graduacion",
        "userDefined": true
      }
    ],
    "isTemplate": false,
    "count": 0,
    "lang": "es",
    "updated": 0
  },
  {
    "id": "5a7e7c20-e4d1-404a-9e0e-951b9d9b6571",
    "data": [
      {
        "text": "qué requisitos debo cumplir para realizar el ",
        "userDefined": false
      },
      {
        "text": "proceso de graduación",
        "meta": "@graduacion",
        "alias": "graduacion",
        "userDefined": true
      },
      {
        "text": "?",
        "userDefined": false
      }
    ],
    "isTemplate": false,
    "count": 0,
    "lang": "es",
    "updated": 0
  },
  {
    "id": "16511480-4f6b-48cd-b182-c68fbcb40e16",
    "data": [
      {
        "text": "necesito conocer el proceso para ",
        "userDefined": false
      },
      {
        "text": "mi",
        "meta": "@sys.ignore",
        "userDefined": false
      },
      {
        "text": " ",
        "userDefined": false
      },
      {
        "text": "graduación",
        "meta": "@graduacion",
        "alias": "graduacion",
        "userDefined": true
      }
    ],
    "isTemplate": false,
    "count": 0,
    "lang": "es",
    "updated": 0
  }
]