[
  {
    "id": "9da6274d-c3d6-401a-8bee-cb3c7740f9a0",
    "data": [
      {
        "text": "dónde se publican los puntajes de la ",
        "userDefined": false
      },
      {
        "text": "PAM",
        "meta": "@sys.person",
        "alias": "person",
        "userDefined": false
      },
      {
        "text": "?",
        "userDefined": false
      }
    ],
    "isTemplate": false,
    "count": 0,
    "lang": "es",
    "updated": 0
  },
  {
    "id": "f69433a6-1788-4c29-8717-6e1c13c86e23",
    "data": [
      {
        "text": "cuándo se publican los puntajes de la ",
        "userDefined": false
      },
      {
        "text": "PAM",
        "meta": "@sys.person",
        "alias": "person",
        "userDefined": false
      },
      {
        "text": "?",
        "userDefined": false
      }
    ],
    "isTemplate": false,
    "count": 0,
    "lang": "es",
    "updated": 0
  },
  {
    "id": "34eb1f42-5d6b-4907-882c-6139836f0a7c",
    "data": [
      {
        "text": "es",
        "meta": "@sys.language",
        "alias": "language",
        "userDefined": false
      },
      {
        "text": " necesario hacer el examen ",
        "userDefined": false
      },
      {
        "text": "PAM",
        "meta": "@sys.person",
        "alias": "person",
        "userDefined": false
      },
      {
        "text": " para ",
        "userDefined": false
      },
      {
        "text": "cambiarme de carrera",
        "meta": "@cambioCarrera",
        "alias": "cambioCarrera",
        "userDefined": true
      },
      {
        "text": "?",
        "userDefined": false
      }
    ],
    "isTemplate": false,
    "count": 0,
    "lang": "es",
    "updated": 0
  },
  {
    "id": "e5a3faa8-e46a-4da5-8967-bf1dc93dbef7",
    "data": [
      {
        "text": "cuál ",
        "userDefined": false
      },
      {
        "text": "es",
        "meta": "@sys.language",
        "alias": "language",
        "userDefined": false
      },
      {
        "text": " el proceso para ",
        "userDefined": false
      },
      {
        "text": "cambiarme de carrera",
        "meta": "@cambioCarrera",
        "alias": "cambioCarrera",
        "userDefined": true
      },
      {
        "text": "?",
        "userDefined": false
      }
    ],
    "isTemplate": false,
    "count": 0,
    "lang": "es",
    "updated": 0
  },
  {
    "id": "91327743-7a60-42fa-a906-f4271cceac49",
    "data": [
      {
        "text": "en qué fechas puedo aplicar a ",
        "userDefined": false
      },
      {
        "text": "un",
        "meta": "@sys.number",
        "alias": "number",
        "userDefined": false
      },
      {
        "text": " ",
        "userDefined": false
      },
      {
        "text": "cambio de carrera",
        "meta": "@cambioCarrera",
        "alias": "cambioCarrera",
        "userDefined": true
      },
      {
        "text": "?",
        "userDefined": false
      }
    ],
    "isTemplate": false,
    "count": 0,
    "lang": "es",
    "updated": 0
  },
  {
    "id": "00732ace-aeae-4444-a5be-210859969f49",
    "data": [
      {
        "text": "cómo puedo saber qué clases si me validan al ",
        "userDefined": false
      },
      {
        "text": "cambiarme de carrera",
        "meta": "@cambioCarrera",
        "alias": "cambioCarrera",
        "userDefined": true
      },
      {
        "text": "?",
        "userDefined": false
      }
    ],
    "isTemplate": false,
    "count": 0,
    "lang": "es",
    "updated": 0
  },
  {
    "id": "22fe2e9a-9460-416a-854e-cf5e46977fbd",
    "data": [
      {
        "text": "qué debo hacer para ",
        "userDefined": false
      },
      {
        "text": "cambiarme de carrera",
        "meta": "@cambioCarrera",
        "alias": "cambioCarrera",
        "userDefined": true
      },
      {
        "text": "?",
        "userDefined": false
      }
    ],
    "isTemplate": false,
    "count": 0,
    "lang": "es",
    "updated": 0
  }
]