[
  {
    "id": "aeb7bc39-0f53-4264-a1ec-4ea258d478f1",
    "data": [
      {
        "text": "se puede ",
        "userDefined": false
      },
      {
        "text": "cancelar solo una clase",
        "meta": "@cancelarClase",
        "alias": "cancelarClase",
        "userDefined": true
      },
      {
        "text": " o se cancelan todas?",
        "userDefined": false
      }
    ],
    "isTemplate": false,
    "count": 0,
    "lang": "es",
    "updated": 0
  },
  {
    "id": "7c985b59-81a1-44e8-9f91-06d74577b604",
    "data": [
      {
        "text": "qué documentos debo presentar para ",
        "userDefined": false
      },
      {
        "text": "cancelar una clase",
        "meta": "@cancelarClase",
        "alias": "cancelarClase",
        "userDefined": true
      },
      {
        "text": " fuera de adición y cancelación?",
        "userDefined": false
      }
    ],
    "isTemplate": false,
    "count": 0,
    "lang": "es",
    "updated": 0
  },
  {
    "id": "078393a1-ad5b-46ac-9a9c-8877331b76f9",
    "data": [
      {
        "text": "cómo puedo ",
        "userDefined": false
      },
      {
        "text": "cancelar una clase",
        "meta": "@cancelarClase",
        "alias": "cancelarClase",
        "userDefined": true
      },
      {
        "text": " con el coordinador de ",
        "userDefined": false
      },
      {
        "text": "mi",
        "meta": "@sys.unit-length-name",
        "alias": "unit-length-name",
        "userDefined": false
      },
      {
        "text": " ",
        "userDefined": false
      },
      {
        "text": "carrera",
        "meta": "@sys.last-name",
        "alias": "last-name",
        "userDefined": false
      },
      {
        "text": "?",
        "userDefined": false
      }
    ],
    "isTemplate": false,
    "count": 0,
    "lang": "es",
    "updated": 0
  },
  {
    "id": "bda92afb-944d-44ec-86f5-d54ccab1bdb4",
    "data": [
      {
        "text": "qué documentos se ocupan para ",
        "userDefined": false
      },
      {
        "text": "cancelar una clase",
        "meta": "@cancelarClase",
        "alias": "cancelarClase",
        "userDefined": true
      },
      {
        "text": " de forma extraordinaria?",
        "userDefined": false
      }
    ],
    "isTemplate": false,
    "count": 0,
    "lang": "es",
    "updated": 0
  },
  {
    "id": "ce337f16-db00-4db4-a1ab-01e53983b723",
    "data": [
      {
        "text": "cuándo ",
        "userDefined": false
      },
      {
        "text": "es",
        "meta": "@sys.language",
        "alias": "language",
        "userDefined": false
      },
      {
        "text": " la fecha máxima para ",
        "userDefined": false
      },
      {
        "text": "cancelar una clase",
        "meta": "@cancelarClase",
        "alias": "cancelarClase",
        "userDefined": true
      },
      {
        "text": " con el coordinador?",
        "userDefined": false
      }
    ],
    "isTemplate": false,
    "count": 0,
    "lang": "es",
    "updated": 0
  },
  {
    "id": "98c86eec-b1d3-4dd4-894b-041387d26476",
    "data": [
      {
        "text": "¿qué requisitos se ocupan para ",
        "userDefined": false
      },
      {
        "text": "cancelar una clase",
        "meta": "@cancelarClase",
        "alias": "cancelarClase",
        "userDefined": true
      },
      {
        "text": "?",
        "userDefined": false
      }
    ],
    "isTemplate": false,
    "count": 0,
    "lang": "es",
    "updated": 0
  }
]