[
  {
    "id": "b8c60877-8dee-49b9-b724-2dee746d4e9a",
    "data": [
      {
        "text": "cuál ",
        "userDefined": false
      },
      {
        "text": "es",
        "meta": "@sys.language",
        "alias": "language",
        "userDefined": false
      },
      {
        "text": " la cantidad de personas mínimos ",
        "userDefined": false
      },
      {
        "text": "para",
        "meta": "@sys.person",
        "alias": "person",
        "userDefined": false
      },
      {
        "text": " solicitar la ",
        "userDefined": false
      },
      {
        "text": "apertura de una clase",
        "meta": "@nuevasSecciones",
        "alias": "nuevasSecciones",
        "userDefined": true
      },
      {
        "text": " o sección?",
        "userDefined": false
      }
    ],
    "isTemplate": false,
    "count": 0,
    "lang": "es",
    "updated": 0
  },
  {
    "id": "9001dc78-38ba-4793-85e0-45b49ff81553",
    "data": [
      {
        "text": "cuándo se puede realizar ",
        "userDefined": false
      },
      {
        "text": "una",
        "meta": "@sys.number",
        "alias": "number",
        "userDefined": false
      },
      {
        "text": " solicitud de ",
        "userDefined": false
      },
      {
        "text": "apertura de clases",
        "meta": "@nuevasSecciones",
        "alias": "nuevasSecciones",
        "userDefined": true
      },
      {
        "text": "?",
        "userDefined": false
      }
    ],
    "isTemplate": false,
    "count": 0,
    "lang": "es",
    "updated": 0
  },
  {
    "id": "1d12647e-5cd3-4cfd-8807-c4cac9882d3a",
    "data": [
      {
        "text": "qué requisitos se tienen que cumplir para que se ",
        "userDefined": false
      },
      {
        "text": "aperture una clase",
        "meta": "@nuevasSecciones",
        "alias": "nuevasSecciones",
        "userDefined": true
      },
      {
        "text": "?",
        "userDefined": false
      }
    ],
    "isTemplate": false,
    "count": 0,
    "lang": "es",
    "updated": 0
  },
  {
    "id": "b396b44a-39b6-40e5-aea3-d56479382384",
    "data": [
      {
        "text": "con quién se hace la solitud de ",
        "userDefined": false
      },
      {
        "text": "apertura de clases",
        "meta": "@nuevasSecciones",
        "alias": "nuevasSecciones",
        "userDefined": true
      },
      {
        "text": "?",
        "userDefined": false
      }
    ],
    "isTemplate": false,
    "count": 0,
    "lang": "es",
    "updated": 0
  }
]