[
  {
    "id": "f9954ec5-47cb-4c11-968b-b1c12663e258",
    "data": [
      {
        "text": "puedo hacer ",
        "userDefined": false
      },
      {
        "text": "mi",
        "meta": "@sys.ignore",
        "userDefined": false
      },
      {
        "text": " ",
        "userDefined": false
      },
      {
        "text": "práctica",
        "meta": "@PracticaProfesional",
        "alias": "PracticaProfesional",
        "userDefined": true
      },
      {
        "text": " fuera de ",
        "userDefined": false
      },
      {
        "text": "Tegucigalpa",
        "meta": "@sys.geo-city",
        "alias": "geo-city",
        "userDefined": false
      },
      {
        "text": "?",
        "userDefined": false
      }
    ],
    "isTemplate": false,
    "count": 0,
    "lang": "es",
    "updated": 0
  },
  {
    "id": "84f58e24-3834-4dc9-98dd-f3ef0d931c87",
    "data": [
      {
        "text": "puedo hacer la ",
        "userDefined": false
      },
      {
        "text": "práctica",
        "meta": "@PracticaProfesional",
        "alias": "PracticaProfesional",
        "userDefined": true
      },
      {
        "text": " ",
        "userDefined": false
      },
      {
        "text": "en el lugar",
        "meta": "@sys.location",
        "alias": "location",
        "userDefined": false
      },
      {
        "text": " donde trabajo?",
        "userDefined": false
      }
    ],
    "isTemplate": false,
    "count": 0,
    "lang": "es",
    "updated": 0
  },
  {
    "id": "09cf7af4-9b94-45c8-9543-706e684fa991",
    "data": [
      {
        "text": "cómo sé si ",
        "userDefined": false
      },
      {
        "text": "una empresa",
        "meta": "@sys.location",
        "alias": "location",
        "userDefined": false
      },
      {
        "text": " ",
        "userDefined": false
      },
      {
        "text": "es",
        "meta": "@sys.ignore",
        "userDefined": false
      },
      {
        "text": " válida para realizar ",
        "userDefined": false
      },
      {
        "text": "mi",
        "meta": "@sys.ignore",
        "userDefined": false
      },
      {
        "text": " ",
        "userDefined": false
      },
      {
        "text": "práctica profesional",
        "meta": "@PracticaProfesional",
        "alias": "PracticaProfesional",
        "userDefined": true
      },
      {
        "text": "?",
        "userDefined": false
      }
    ],
    "isTemplate": false,
    "count": 0,
    "lang": "es",
    "updated": 0
  },
  {
    "id": "ac3f8d31-8d90-4d3d-8ce4-15684d720957",
    "data": [
      {
        "text": "cuánto tiempo ",
        "userDefined": false
      },
      {
        "text": "dura",
        "meta": "@sys.ignore",
        "userDefined": false
      },
      {
        "text": " la ",
        "userDefined": false
      },
      {
        "text": "práctica profesional",
        "meta": "@PracticaProfesional",
        "alias": "PracticaProfesional",
        "userDefined": true
      },
      {
        "text": "?",
        "userDefined": false
      }
    ],
    "isTemplate": false,
    "count": 0,
    "lang": "es",
    "updated": 0
  },
  {
    "id": "14b7c5e2-61b0-47d6-94fa-e905b26b84a9",
    "data": [
      {
        "text": "cuántas clases requiero haber aprobado para iniciar ",
        "userDefined": false
      },
      {
        "text": "mi",
        "meta": "@sys.ignore",
        "userDefined": false
      },
      {
        "text": " ",
        "userDefined": false
      },
      {
        "text": "práctica profesional",
        "meta": "@PracticaProfesional",
        "alias": "PracticaProfesional",
        "userDefined": true
      },
      {
        "text": "?",
        "userDefined": false
      }
    ],
    "isTemplate": false,
    "count": 0,
    "lang": "es",
    "updated": 0
  },
  {
    "id": "f2ef9ad1-79f1-407b-b57d-533dd253d723",
    "data": [
      {
        "text": "qué ",
        "userDefined": false
      },
      {
        "text": "documentos",
        "meta": "@documentos",
        "alias": "documentos",
        "userDefined": true
      },
      {
        "text": " requiero para solicitar ",
        "userDefined": false
      },
      {
        "text": "mi",
        "meta": "@sys.ignore",
        "userDefined": false
      },
      {
        "text": " ",
        "userDefined": false
      },
      {
        "text": "práctica profesional",
        "meta": "@PracticaProfesional",
        "alias": "PracticaProfesional",
        "userDefined": true
      },
      {
        "text": "?",
        "userDefined": false
      }
    ],
    "isTemplate": false,
    "count": 1,
    "lang": "es",
    "updated": 0
  }
]