[
  {
    "value": "correo de secretaria de sistemas",
    "synonyms": [
      "correo electrónico de secretaría de sistemas",
      "correo electrónico de secretaría de ingeniería en sistemas",
      "correo electrónico de jefatura de sistemas",
      "correo electrónico de jefatura de ingenieria en sistemas",
      "correo electrónico de decanatura de ingeniería",
      "correo del decano de ingeniería",
      "correo electrónico de coordinación de ingeniería en sistemas",
      "correo electrónico de coordinación de sistemas",
      "correo electrónico del jefe de sistemas",
      "correo electrónico del jefe de ingeniería en sistemas",
      "correo electrónico del coordinador de sistemas",
      "correo electrónico del coordinador de ingeniería en sistemas"
    ]
  },
  {
    "value": "numero",
    "synonyms": [
      "número de VOAE",
      "número de registro"
    ]
  },
  {
    "value": "sitios web importantes",
    "synonyms": [
      "sitio web de sistemas",
      "sitio web de registro",
      "página de sistemas",
      "página de registro",
      "página de la facultad de ingeniería",
      "pagina de la facultad de ingenieria",
      "página de la carrera de ingeniería en sistemas"
    ]
  }
]