[
  {
    "value": "ubicación de jefatura de sistemas",
    "synonyms": [
      "ubicación de la jefatura de ingeniería en sistemas",
      "ubicacion de la jefatura de ingenieria en sistemas",
      "ubicación del departamento de ingeniería en sistemas",
      "ubicación del departamento de Ing en sistemas",
      "ubicación del departamento de ing en sistemas",
      "ubicación de coordinación de ing en sistemas",
      "oficina de la coordinacion de ingeniería en sistemas"
    ]
  },
  {
    "value": "ubicación de coordinación de sistemas",
    "synonyms": [
      "ubicación de coordinación de sistemas",
      "ubicacion de coordinacion de sistemas",
      "ubicación de coordinación de ingenieria en sistemas",
      "ubicacion de coordinacion de ingenieria en sistemas",
      "ubicación de coordinación de ing en sistemas",
      "coordinación de sistemas",
      "oficina de la carrera de ingenieria en sistemas"
    ]
  },
  {
    "value": "ubicación de secretaría de sistemas",
    "synonyms": [
      "ubicación de secretaría de sistemas",
      "ubicacion de secretaria de sistemas",
      "ubicación de secretaría de ing en sistemas",
      "ubicación de secretaría de ingeniería en sistemas",
      "secretaría de sistemas",
      "oficina de secretaría de ingeniería en sistemas"
    ]
  },
  {
    "value": "horario de coordinación",
    "synonyms": [
      "horario de coordinación",
      "horario de coordinación de ingeniería en sistemas"
    ]
  },
  {
    "value": "horario de jefatura",
    "synonyms": [
      "horario de jefatura",
      "horario de jefatura de ingeniería en sistemas"
    ]
  },
  {
    "value": "horario de secretaría",
    "synonyms": [
      "horario de secretaría",
      "horario de secretaria de ingeniería en sistemas"
    ]
  }
]