[
  {
    "value": "cómo validar horas tsc",
    "synonyms": [
      "cómo validar horas de trabajo social",
      "cómo validar horas de tsc",
      "cómo valido horas de trabajo social",
      "cómo valido horas de tsc"
    ]
  },
  {
    "value": "quién valida las horas de tsc",
    "synonyms": [
      "quién valida las horas de tsc",
      "dónde puedo ir a validar mis horas de trabajo social",
      "dónde valido mis horas de tsc",
      "dónde puedo ir a validar mis horas de tsc"
    ]
  },
  {
    "value": "especificaciones sobre horas tsc",
    "synonyms": [
      "especificaciones sobre horas tsc",
      "cuántas horas de tsc debo hacer",
      "cuántas horas de tsc debo completar",
      "cómo se dividen las horas de tsc"
    ]
  },
  {
    "value": "planificación de tsc",
    "synonyms": [
      "planificación de tsc",
      "hay actividades planificadas para hacer horas de trabajo social"
    ]
  }
]